query,x,y,z,roll,pitch,yaw,width,obj_height,label
tomato soup,0.4344765342960289,-0.6842599277978338,0.7867337703704833,0.0,0.0,-1.457436442375183,0.0312635079026222,0.0017337799072265,1
chips,0.4344765342960289,-0.6842599277978338,0.7867337703704833,0.0,0.0,-1.457436442375183,0.0312635079026222,0.0017337799072265,0
chips,-0.0528880866425992,-0.7492418772563176,0.8541484117507934,0.0,0.0,-1.515838384628296,0.02957509085536,0.0691484212875366,1
tennis,-0.0528880866425992,-0.7492418772563176,0.8541484117507934,0.0,0.0,-1.515838384628296,0.02957509085536,0.0691484212875366,0
tennis,-0.1864620938628158,-0.5976173285198556,0.8410251379013061,0.0,0.0,-0.5004521608352661,0.0380451306700706,0.0560251474380493,1
chips,-0.1864620938628158,-0.5976173285198556,0.8410251379013061,0.0,0.0,-0.5004521608352661,0.0380451306700706,0.0560251474380493,0
sauce\,0.2214801444043322,-0.7420216606498194,0.8221800565719604,0.0,0.0,-0.4615610837936401,0.0482809133827686,0.0371800661087036,1
tennis,0.2214801444043322,-0.7420216606498194,0.8221800565719604,0.0,0.0,-0.4615610837936401,0.0482809133827686,0.0371800661087036,0
